{
  "two_nn": {
    "anova_f": 180.5664622144465,
    "anova_p": 2.561473785959076e-40,
    "groups": {
      "A": {
        "mean": 0.15391181913512583,
        "std": 0.026523940766048616,
        "p05": 0.1152956159863499,
        "p95": 0.20078751896095734
      },
      "B": {
        "mean": 0.09506789456883637,
        "std": 0.012527863815176022,
        "p05": 0.07591017466624116,
        "p95": 0.11229765639557072
      },
      "C": {
        "mean": 0.09350491495150295,
        "std": 0.011157743236436606,
        "p05": 0.07869465407744064,
        "p95": 0.11434134201627456
      }
    },
    "pairwise": {
      "A_vs_B": {
        "t": 14.184680945416266,
        "p": 3.0000809780079123e-22
      },
      "A_vs_C": {
        "t": 14.844055384008458,
        "p": 1.1003228845138356e-22
      },
      "B_vs_C": {
        "t": 0.6587845341620493,
        "p": 0.5115995220127261
      }
    }
  },
  "mle": {
    "anova_f": 1.1015208503154348,
    "anova_p": 0.33509261171994303,
    "groups": {
      "A": {
        "mean": 26.168344065184545,
        "std": 13.79576041046462,
        "p05": 18.186871449566592,
        "p95": 33.09507524301168
      },
      "B": {
        "mean": 21.93105102086119,
        "std": 9.633175522633014,
        "p05": 13.684089258082212,
        "p95": 40.00024894920924
      },
      "C": {
        "mean": 24.785236253953773,
        "std": 18.77982906830025,
        "p05": 13.209007507108208,
        "p95": 61.602435051308184
      }
    },
    "pairwise": {
      "A_vs_B": {
        "t": 1.7806862379473583,
        "p": 0.0784302613469199
      },
      "A_vs_C": {
        "t": 0.41970015331759897,
        "p": 0.6757051745715442
      },
      "B_vs_C": {
        "t": -0.9562094401339822,
        "p": 0.3421174178462185
      }
    }
  }
}